id,type,name,status,description,epic
11,TASK,Name of task #11,NEW,Description of Task #11
12,TASK,Name of task #12,NEW,Description of Task #12
13,EPIC,Name of Epic #13,NEW,Description of Epic #13
14,EPIC,Name of Epic #14,DONE,Description of Epic #14
15,SUBTASK,Name of Subtask #1,NEW,Description of Subtask #1 for Epic # 13,13
16,SUBTASK,Name of Subtask #2,NEW,Description of Subtask #2 for Epic # 13,13
17,SUBTASK,Name of Subtask #1,DONE,Description of Subtask #1 for Epic # 14,14
11,TASK,Name of task #11,NEW,Description of Task #11
21,TASK,Name of task #21,NEW,Description of Task #21
31,TASK,Name of task #31,NEW,Description of Task #31
